WYZE,3.7,39.97
WYZE,4.5,35.54
KASA,4.4,29.99
"FLIPPER ZERO,",4.3,259.98
WYZE,3.1,25.98
GOOGLE NEST,4.4,288.00
SECURITY,4.8,49.99
GOOGLE NEST,4.5,79.99
ARLO,4.1,83.75
WYZE,4.5,49.98
WYZE,4.4,83.09
FLIPPER ZERO,4.5,275.00
WIFI CAMERA,4.6,24.99
YI,4.3,89.99
REOLINK,4.3,159.99
SMALL WIRELESS,2.7,19.99
WANSVIEW,4.3,29.99
EMACROS,4.4,59.99
KASA,4.4,44.99
KASA,4.3,22.99
256GB,4.5,22.99
SIMPLISAFE,4.2,189.99
WYZE,4.4,41.95
YI,4.3,22.49
EMDMAK,4.4,15.99
VIMTAG,4.2,29.99
GMK,4.6,49.99
ARLO,4.2,75.50
NOORIO,4.1,139.99
JMDHKK,3.8,43.89
SECURITY,4.4,49.99
REOLINK,4.3,39.99
REOLINK,4.6,999.99
ARLO,4.0,154.13
GALAYOU,4.4,35.99
WYZE,4.1,79.98
TP-LINK,4.5,24.34
TP-LINK,4.4,54.99
BABY MONITOR,4.4,69.99
YI,4.2,27.19
GE,4.5,22.86
REOLINK,4.2,279.99
REOLINK,4.3,63.74
EUFY,4.5,299.99
UNIDEN BEARCAT,4.1,115.95
IMOU,4.1,29.99
DRIVEWAY,4.4,42.99
REOLINK,4.3,54.99
ARLO,4.3,169.99
BOAVISION,4.1,37.99
DEKCO,4.3,51.19
SPY CAMERA,4.3,38.99
ACURITE IRIS,4.5,150.00
INDOOR SECURITY,4.6,29.98
LAVIEW,4.2,89.99
HIDDEN CAMERA,4.4,49.99
SIMPLISAFE,4.4,169.99
64GB,4.2,39.99
HENDUN,4.4,23.99
KOSIN,4.6,18.99
WYZE,4.5,35.98
REOLINK,4.1,69.99
WGV,4.7,19.99
REOLINK,4.4,193.17
AMCREST,4.3,57.99
NOOIE,4.2,49.99
WIRELESS CAMERAS,4.9,49.99
REOLINK,4.3,63.99
SIMPLISAFE,4.8,14.99
LOGITECH,3.8,199.99
CLODGDGO,4.7,39.99
IHOXTX,4.9,79.99
2K,4.5,27.99
OUTLET,4.7,8.99
NETVUE,4.2,29.99
YI,4.3,77.99
GOOGLE NEST,4.6,369.00
REOLINK,4.3,126.99
ALL-NEW,4.4,19.99
REOLINK,4.3,233.99
REOLINK,4.5,559.99
WIRELESS CAMERA,2.7,18.99
REOLINK,4.3,105.99
NEST,4.5,174.99
REOLINK,4.4,999.99
LIGHT BULB,3.1,4.98
TOEESON,4.3,22.94
ANNKE,4.5,259.99
HIDDEN CAMERA,4.8,69.99
DZEES,4.4,98.99
DATACOLOR,4.4,145.29
SENSORPUSH,4.6,99.95
ORIGINAL,4.4,19.99
HAWKRAY,4.3,42.99
BLURAMS,4.2,26.23
AMCREST,4.3,89.99
SECURITY,4.4,49.99
KASA,4.1,49.99
4MP,4.3,39.99
REOLINK,4.4,749.99
WYZE,4.4,9.98
REOLINK,4.5,356.99
MINI,3.5,29.99
WINEES,4.2,32.99
AMCREST,4.0,59.99
JEPWCO,3.8,69.99
ALL-NEW,4.5,27.99
ZUMIMALL,4.1,54.99
REOLINK,4.4,339.99
SIMPLISAFE,4.5,236.57
LIGHT BULB,3.6,45.99
GALAYOU,4.4,29.99
AREBI,3.2,31.98
EUFY,4.4,259.99
SOLIOM,4.4,199.99
REOLINK,4.5,299.99
AUGUST,4.4,49.99
2K,4.3,99.97
LOGITECH,3.8,159.99
UNIDEN BC365CRS,4.3,93.97
ALL-NEW,4.4,22.99
UNIDEN BCD436HP,4.3,450.18
ZOSI,4.2,109.99
REOLINK,4.4,108.99
LONGPLUS,4.0,94.98
AMCREST,4.0,47.99
NEXHT,4.2,19.99
256GB,4.5,22.99
SONOMO,4.4,9.99
GOOSPY,4.2,42.99
LAVIEW,4.3,134.29
MIGHTY,4.6,57.83
ZMODO,4.1,115.00
WIRELESS VIDEO,4.2,69.99
UNIDEN BC355N,4.0,93.18
ANNKE,4.5,219.99
AUGUST,4.2,245.34
LIGHT BULB,3.5,25.99
FANCY,4.6,16.99
TP-LINK,4.4,44.99
TP-LINK,4.4,24.99
GOOSPY,4.2,49.99
SIMPLISAFE,4.8,39.99
WULOO,4.4,59.99
